figure_id,Gene,Collection,Compartment,Probe
2114305,Tm1,CPTI000760,CB,venusYFP
2105857,Tm1,CPTI002243,Overview,venusYFP
2112566,tkv,CPTI002487,CB,venusYFP
2113426,Pkn,CPTI002565,Overview,venusYFP
2112549,Dys,CPTI003818,CB,venusYFP
2105954,Rab1,CPTI004394,MB,venusYFP
2113078,kuz,CPTI000031,NMJ,venusYFP
2113952,CG42342,CPTI000033,NMJ,venusYFP
2113953,T-cp1,CPTI000037,NMJ,venusYFP
2113955,Lk6,CPTI000056,NMJ,venusYFP
2113956,HDAC4,CPTI000077,NMJ,venusYFP
2110775,for,CPTI000091,NMJ,venusYFP
2113957,glec,CPTI000155,NMJ,venusYFP
2110705,Pax,CPTI000161,NMJ,venusYFP
2110778,Pax,CPTI000161,NMJ,venusYFP
2110784,lola,CPTI000190,NMJ,venusYFP
2110788,tau,CPTI000194,NMJ,venusYFP
2110791,Cas,CPTI000199,NMJ,venusYFP
2113958,Hrb98DE,CPTI000205,NMJ,venusYFP
2110709,Mi-2,CPTI000232,NMJ,venusYFP
2110792,sqd,CPTI000239,NMJ,venusYFP
2110710,otk,CPTI000252,NMJ,venusYFP
2110793,MTA1-like,CPTI000256,NMJ,venusYFP
2110794,stwl,CPTI000263,NMJ,venusYFP
2113959,Ced-12,CPTI000286,NMJ,venusYFP
2110795,tapas,CPTI000298,NMJ,venusYFP
2110796,Got1,CPTI000303,NMJ,venusYFP
2113960,chrb,CPTI000318,NMJ,venusYFP
2113963,mbc,CPTI000332,NMJ,venusYFP
2113962,MBC,CPTI000332,NMJ,venusYFP
2110798,sdk,CPTI000337,NMJ,venusYFP
2113967,CG16812,CPTI000342,NMJ,venusYFP
2110800,Dek,CPTI000365,NMJ,venusYFP
2110803,twin,CPTI000371,NMJ,venusYFP
2113969,CG6724,CPTI000379,NMJ,venusYFP
2110837,Zasp52,CPTI000408,NMJ,venusYFP
2110838,Dek,CPTI000426,NMJ,venusYFP
2113972,Notch,CPTI000433,NMJ,venusYFP
2110839,Dek,CPTI000448,NMJ,venusYFP
2110840,CTPsyn,CPTI000453,NMJ,venusYFP
2110841,bmm,CPTI000472,NMJ,venusYFP
2110842,Src64B,CPTI000567,NMJ,venusYFP
2110843,cno,CPTI000590,NMJ,venusYFP
2113975,Ubx,CPTI000601,NMJ,venusYFP
2110844,Elf,CPTI000609,NMJ,venusYFP
2110846,I(1)G0320,CPTI000633,NMJ,venusYFP
2113978,ssp2,CPTI000635,NMJ,venusYFP
2113979,grp,CPTI000640,NMJ,venusYFP
2113998,PAN3,CPTI000657,NMJ,venusYFP
2113980,PAN3,CPTI000657,NMJ,venusYFP
2110847,Abl,CPTI000658,NMJ,venusYFP
2110848,Pdi,CPTI000688,NMJ,venusYFP
2113981,CG7675,CPTI000703,NMJ,venusYFP
2113982,fwe,CPTI000736,NMJ,venusYFP
2110850,CG34422,CPTI000739,NMJ,venusYFP
2110862,htk,CPTI000739,NMJ,venusYFP
2113984,CG1440,CPTI000763,NMJ,venusYFP
2113985,CG3036,CPTI000774,NMJ,venusYFP
2110852,RpS9,CPTI000785,NMJ,venusYFP
2113987,CG17839,CPTI000794,NMJ,venusYFP
2110853,CG17839,CPTI000794,NMJ,venusYFP
2110863,CG9650,CPTI000886,NMJ,venusYFP
2110864,Unc-115a,CPTI000905,NMJ,venusYFP
2110865,Trxr-1,CPTI000915,NMJ,venusYFP
2113926,aop,CPTI000941,NMJ,venusYFP
2113990,CamkII,CPTI000944,NMJ,venusYFP
2113991,Gad1,CPTI000977,NMJ,venusYFP
2113992,Pk61C,CPTI001036,NMJ,venusYFP
2113993,dally,CPTI001039,NMJ,venusYFP
2113996,Mtor,CPTI001044,NMJ,venusYFP
2113997,LRP1,CPTI001046,NMJ,venusYFP
2111857,AMP-deaminase,CPTI001081,NMJ,venusYFP
2110731,Ten-m,CPTI001175,NMJ,venusYFP
2117867,noGene,CPTI001951,NMJ,venusYFP
2114009,PMCA,CPTI001995,NMJ,venusYFP
2114011,Mlc1,CPTI002102,NMJ,venusYFP
2114014,elF-4B,CPTI002187,NMJ,venusYFP
2114015,Hsc70Cb,CPTI002201,NMJ,venusYFP
2114016,Pde11,CPTI002206,NMJ,venusYFP
2113923,ade5,CPTI002207,NMJ,venusYFP
2114017,Tudor-SN,CPTI002221,NMJ,venusYFP
2114020,vimar,CPTI002285,NMJ,venusYFP
2114021,MFS3,CPTI002305,NMJ,venusYFP
2111824,Mdh2,CPTI002315,NMJ,venusYFP
2110880,cindr,CPTI002324,NMJ,venusYFP
2111826,alpha-Cat,CPTI002342,NMJ,venusYFP
2111827,Lac,CPTI002408,NMJ,venusYFP
2111829,CG11920,CPTI002443,NMJ,venusYFP
2111830,tkv,CPTI002487,NMJ,venusYFP
2111831,larp,CPTI002498,NMJ,venusYFP
2111832,CCT7,CPTI002629,NMJ,venusYFP
2112062,ORMDL,CPTI002636,NMJ,venusYFP
2112063,Vha55,CPTI002645,NMJ,venusYFP
2111833,Vha55,CPTI002645,NMJ,venusYFP
2111834,Ptpmeg2,CPTI002750,NMJ,venusYFP
2111837,Men,CPTI002759,NMJ,venusYFP
2111839,crp,CPTI002760,NMJ,venusYFP
2111838,CG1674,CPTI002762,NMJ,venusYFP
2111841,tlk,CPTI002768,NMJ,venusYFP
2111842,CG1910,CPTI002770,NMJ,venusYFP
2111843,CG1640,CPTI002793,NMJ,venusYFP
2111844,shep,CPTI002796,NMJ,venusYFP
2111845,Pop2,CPTI002818,NMJ,venusYFP
2111846,Rnb,CPTI002822,NMJ,venusYFP
2112064,Dsp1,CPTI002844,NMJ,venusYFP
2112065,GILT1,CPTI002873,NMJ,venusYFP
2112066,Sh3beta,CPTI002892,NMJ,venusYFP
2111854,Sec61alpha,CPTI002894,NMJ,venusYFP
2111855,Lasp,CPTI002905,NMJ,venusYFP
2112067,zip,CPTI002907,NMJ,venusYFP
2111856,Top1,CPTI002927,NMJ,venusYFP
2112069,Caper,CPTI002939,NMJ,venusYFP
2112068,gammaCop,CPTI002986,NMJ,venusYFP
2112073,Mapmodulin,CPTI003020,NMJ,venusYFP
2112070,Indy,CPTI003049,NMJ,venusYFP
2112071,srl,CPTI003074,NMJ,venusYFP
2114028,Tis11,CPTI003080,NMJ,venusYFP
2112079,osa,CPTI003089,NMJ,venusYFP
2112081,Rbfox1,CPTI003100,NMJ,venusYFP
2112074,CG4004,CPTI003117,NMJ,venusYFP
2112076,CG12163,CPTI003173,NMJ,venusYFP
2112077,Sytbeta,CPTI003250,NMJ,venusYFP
2112086,rg,CPTI003323,NMJ,venusYFP
2112088,CG1640,CPTI003349,NMJ,venusYFP
2112090,Ubqn,CPTI003386,NMJ,venusYFP
2112095,Fim,CPTI003394,NMJ,venusYFP
2112097,Aats-his,CPTI003426,NMJ,venusYFP
2113561,Aats-his,CPTI003426,NMJ,venusYFP
2112099,UGP,CPTI003431,NMJ,venusYFP
2112100,fz2,CPTI003490,NMJ,venusYFP
2112104,eIf5B,CPTI003501,NMJ,venusYFP
2114030,CG6448,CPTI003505,NMJ,venusYFP
2114029,path,CPTI003513,NMJ,venusYFP
2114031,kis,CPTI003576,NMJ,venusYFP
2114036,MEP-1,CPTI003583,NMJ,venusYFP
2114037,Sep-01,CPTI003593,NMJ,venusYFP
2114032,Pkn,CPTI003613,NMJ,venusYFP
2114064,kis,CPTI003615,NMJ,venusYFP
2114033,trol,CPTI003621,NMJ,venusYFP
2114008,shot,CPTI003653,NMJ,venusYFP
2114034,ss,CPTI003674,NMJ,venusYFP
2114035,NpI4,CPTI003678,NMJ,venusYFP
2114038,CG30463,CPTI003680,NMJ,venusYFP
2114046,Klp54D,CPTI003686,NMJ,venusYFP
2114039,CCT8,CPTI003689,NMJ,venusYFP
2114040,Ptpmeg2,CPTI003706,NMJ,venusYFP
2114041,CG6340,CPTI003728,NMJ,venusYFP
2114042,CG32972,CPTI003732,NMJ,venusYFP
2113922,ade3,CPTI003733,NMJ,venusYFP
2114043,Myo10A,CPTI003738,NMJ,venusYFP
2114025,hth,CPTI003745,NMJ,venusYFP
2114044,S6k,CPTI003751,NMJ,venusYFP
2114045,unc-115,CPTI003765,NMJ,venusYFP
2113921,ade3,CPTI003790,NMJ,venusYFP
2114047,Hsc70-4,CPTI003798,NMJ,venusYFP
2114048,CG6398,CPTI003806,NMJ,venusYFP
2114049,Dys,CPTI003818,NMJ,venusYFP
2114050,Pxn,CPTI003897,NMJ,venusYFP
2114051,Myo10A,CPTI003907,NMJ,venusYFP
2114052,CG4825,CPTI003911,NMJ,venusYFP
2114053,CG42258,CPTI003923,NMJ,venusYFP
2114054,snRNP69D,CPTI003926,NMJ,venusYFP
2114055,me31B,CPTI003927,NMJ,venusYFP
2114056,RpL10Ab,CPTI003957,NMJ,venusYFP
2114057,Sema-1b,CPTI003971,NMJ,venusYFP
2114065,CG31531,CPTI004007,NMJ,venusYFP
2114067,CG8036,CPTI004041,NMJ,venusYFP
2114058,Smr,CPTI004047,NMJ,venusYFP
2114060,Men,CPTI004074,NMJ,venusYFP
2114061,bun,CPTI004088,NMJ,venusYFP
2114059,Swip-1,CPTI004094,NMJ,venusYFP
2114010,gish,CPTI004113,NMJ,venusYFP
2111887,Imp,CPTI004117,NMJ,venusYFP
2114062,if,CPTI004152,NMJ,venusYFP
2111910,Rm62,CPTI004179,NMJ,venusYFP
2112061,bol,CPTI004519,NMJ,venusYFP
2111103,tau,CPTI000194,VNC,venusYFP
2110667,sgg,CPTI000023,NMJ,venusYFP
2114103,CG42342,CPTI000033,Overview,venusYFP
2106108,Tcp1,CPTI000037,CB,venusYFP
2106109,Tcp1,CPTI000037,OL,venusYFP
2106110,Tcp1,CPTI000037,MB,venusYFP
2106111,Tcp1,CPTI000037,VNC,venusYFP
2106113,Tcp1,CPTI000037,Overview,venusYFP
2113954,Fer1HCH,CPTI000038,NMJ,venusYFP
2115422,Fer1HCH,CPTI000038,Overview,venusYFP
2110704,Fer1HCH,CPTI000038,NMJ,venusYFP
2106123,Rab11,CPTI000051,VNC,venusYFP
2106054,ed,CPTI000616,VNC,venusYFP
2107235,HDAC4,CPTI000077,Overview,venusYFP
2107236,HDAC4,CPTI000077,OL,venusYFP
2107237,HDAC4,CPTI000077,CB,venusYFP
2107238,HDAC4,CPTI000077,MB,venusYFP
2110590,HDAC4,CPTI000077,VNC,venusYFP
2106130,For,CPTI000091,CB,venusYFP
2106131,For,CPTI000091,OL,venusYFP
2106132,For,CPTI000091,MB,venusYFP
2106133,For,CPTI000091,VNC,venusYFP
2106134,For,CPTI000091,Overview,venusYFP
2119171,Cad87A,CPTI000113,OL,venusYFP
2112601,Lola,CPTI000190,MB,venusYFP
2106139,Lola,CPTI000190,CB,venusYFP
2106140,Lola,CPTI000190,OL,venusYFP
2106141,Lola,CPTI000190,MB,venusYFP
2106142,Lola,CPTI000190,VNC,venusYFP
2106143,Lola,CPTI000190,Overview,venusYFP
2111102,tau,CPTI000194,Overview,venusYFP
2111106,tau,CPTI000194,CB,venusYFP
2111105,tau,CPTI000194,OL,venusYFP
2111104,tau,CPTI000194,MB,venusYFP
2111823,Nrx-IV,CPTI001997,NMJ,venusYFP
2105890,Dlg1,CPTI002017,MB,venusYFP
2115974,dlg1,CPTI000207,OL,venusYFP
2115973,dlg1,CPTI000207,MB,venusYFP
2115972,dlg1,CPTI000207,VNC,venusYFP
2115971,dlg1,CPTI000207,CB,venusYFP
2115970,dlg1,CPTI000207,Overview,venusYFP
2110708,Dlg1,CPTI000207,NMJ,venusYFP
2110883,CG10602,CPTI002118,NMJ,venusYFP
2113925,Ald,CPTI002230,NMJ,venusYFP
2106099,Sqd,CPTI000239,MB,venusYFP
2106097,Sqd,CPTI000239,CB,venusYFP
2106098,Sqd,CPTI000239,OL,venusYFP
2106100,Sqd,CPTI000239,VNC,venusYFP
2106101,Sqd,CPTI000239,Overview,venusYFP
2112567,tkv,CPTI002487,VNC,venusYFP
2115371,otk,CPTI000252,Overview,venusYFP
2106103,Stwl,CPTI000263,CB,venusYFP
2106104,Stwl,CPTI000263,OL,venusYFP
2106105,Stwl,CPTI000263,MB,venusYFP
2106106,Stwl,CPTI000263,VNC,venusYFP
2106107,Stwl,CPTI000263,Overview,venusYFP
2106036,ced12,CPTI000286,CB,venusYFP
2106037,ced12,CPTI000286,OL,venusYFP
2106039,ced12,CPTI000286,MB,venusYFP
2106040,ced12,CPTI000286,VNC,venusYFP
2106044,ced12,CPTI000286,Overview,venusYFP
2112759,tapas,CPTI000298,MB,venusYFP
2112768,tapas,CPTI000298,VNC,venusYFP
2112764,Tapas,CPTI000298,CB,venusYFP
2112715,tapas,CPTI000298,OL,venusYFP
2112702,tapas,CPTI000298,Overview,venusYFP
2113321,tapas,CPTI000298,wholelobe,venusYFP
2107221,Chrb,CPTI000318,Overview,venusYFP
2107222,Chrb,CPTI000318,OL,venusYFP
2107223,Chrb,CPTI000318,CB,venusYFP
2107224,Chrb,CPTI000318,VNC,venusYFP
2113930,l(2)G0222,CPTI000326,NMJ,venusYFP
2107216,Ankle2,CPTI000326,Overview,venusYFP
2107217,Ankle2,CPTI000326,OL,venusYFP
2107218,Ankle2,CPTI000326,CB,venusYFP
2107219,Ankle2,CPTI000326,VNC,venusYFP
2107220,Ankle2,CPTI000326,MB,venusYFP
2110711,Uhg1,CPTI000335,NMJ,venusYFP
2106026,dek,CPTI000365,CB,venusYFP
2106027,dek,CPTI000365,OL,venusYFP
2106028,dek,CPTI000365,MB,venusYFP
2106029,dek,CPTI000365,VNC,venusYFP
2106030,dek,CPTI000365,Overview,venusYFP
2106089,Hrb98DE,CPTI003669,VNC,venusYFP
2112986,twin,CPTI000371,Overview,venusYFP
2113343,Twin,CPTI000371,VNC,venusYFP
2113342,Twin,CPTI000371,MB,venusYFP
2113341,Twin,CPTI000371,CB,venusYFP
2113340,Twin,CPTI000371,OL,venusYFP
2112564,CG6724,CPTI000379,OL,venusYFP
2112563,CG6724,CPTI000379,MB,venusYFP
2112562,CG6724,CPTI000379,VNC,venusYFP
2112561,CG6724,CPTI000379,CB,venusYFP
2112560,CG6724,CPTI000379,Overview,venusYFP
2105881,GC8036,CPTI004041,MB,venusYFP
2110712,Zasp52,CPTI000408,NMJ,venusYFP
2105882,gish,CPTI004113,MB,venusYFP
2105886,bun,CPTI004166,MB,venusYFP
2105884,Trol,CPTI004167,MB,venusYFP
2105885,Chchd2,CPTI004244,MB,venusYFP
2105887,ZAP3,CPTI004292,MB,venusYFP
2105888,CG9265,CPTI004298,MB,venusYFP
2105889,Argk,CPTI004299,MB,venusYFP
2105947,N,CPTI000433,CB,venusYFP
2105948,N,CPTI000433,OL,venusYFP
2105949,N,CPTI000433,MB,venusYFP
2105950,N,CPTI000433,VNC,venusYFP
2105951,N,CPTI000433,Overview,venusYFP
2105971,Bmm,CPTI000472,CB,venusYFP
2105972,Bmm,CPTI000472,OL,venusYFP
2105974,Bmm,CPTI000472,MB,venusYFP
2105975,Bmm,CPTI000472,VNC,venusYFP
2105976,Bmm,CPTI000472,Overview,venusYFP
2106144,Eaf,CPTI000560,CB,venusYFP
2106145,Eaf,CPTI000560,OL,venusYFP
2106146,Eaf,CPTI000560,MB,venusYFP
2106147,Eaf,CPTI000560,VNC,venusYFP
2106148,Eaf,CPTI000560,Overview,venusYFP
2110959,Src64B,CPTI000567,CB,venusYFP
2110958,Src64B,CPTI000567,MB,venusYFP
2110957,Src64B,CPTI000567,VNC,venusYFP
2110955,Src64B,CPTI000567,Overview,venusYFP
2110954,Src64B,CPTI000567,OL,venusYFP
2106011,cno,CPTI000590,CB,venusYFP
2106012,cno,CPTI000590,OL,venusYFP
2106013,cno,CPTI000590,MB,venusYFP
2106014,cno,CPTI000590,VNC,venusYFP
2106020,cno,CPTI000590,Overview,venusYFP
2105978,Elf,CPTI000609,OL,venusYFP
2105979,Elf,CPTI000609,MB,venusYFP
2105980,Elf,CPTI000609,VNC,venusYFP
2105981,Elf,CPTI000609,Overview,venusYFP
2107211,eRF3/Elf,CPTI000609,Overview,venusYFP
2107212,eRF3/Elf,CPTI000609,OL,venusYFP
2107213,eRF3/Elf,CPTI000609,CB,venusYFP
2107214,eRF3/Elf,CPTI000609,VNC,venusYFP
2106049,ed,CPTI000616,CB,venusYFP
2106050,ed,CPTI000616,OL,venusYFP
2106051,ed,CPTI000616,MB,venusYFP
2106053,ed,CPTI000616,Overview,venusYFP
2110713,ed,CPTI000616,NMJ,venusYFP
2115377,l(1)G0320,CPTI000633,Overview,venusYFP
2115378,Pdi,CPTI000688,Overview,venusYFP
2115368,CG6151,CPTI000736,Overview,venusYFP
2116685,htk,CPTI000739,CB,venusYFP
2116684,htk,CPTI000739,Overview,venusYFP
2114308,TM1,CPTI000760,OL,venusYFP
2114307,Tm1,CPTI000760,MB,venusYFP
2114306,Tm1,CPTI000760,VNC,venusYFP
2114303,Tm1,CPTI000760,Overview,venusYFP
2114019,Tsr1,CPTI000765,NMJ,venusYFP
2115423,CG3036,CPTI000774,Overview,venusYFP
2113949,Mi-2,CPTI000783,NMJ,venusYFP
2113216,Fas3,CPTI000833,OL,venusYFP
2113215,Fas3,CPTI000833,MB,venusYFP
2113213,Fas3,CPTI000833,VNC,venusYFP
2113210,Fas3,CPTI000833,CB,venusYFP
2113211,Fas3,CPTI000833,Overview,venusYFP
2112541,aop,CPTI000876,OL,venusYFP
2112540,aop,CPTI000876,MB,venusYFP
2112539,aop,CPTI000876,VNC,venusYFP
2112538,aop,CPTI000876,CB,venusYFP
2112537,aop,CPTI000876,Overview,venusYFP
2105992,ATPsynbeta,CPTI000877,CB,venusYFP
2105993,ATPsynbeta,CPTI000877,OL,venusYFP
2105994,ATPsynbeta,CPTI000877,MB,venusYFP
2105995,ATPsynbeta,CPTI000877,VNC,venusYFP
2105996,ATPsynbeta,CPTI000877,Overview,venusYFP
2113364,Trxr-1,CPTI000915,OL,venusYFP
2113363,Trxr-1,CPTI000915,MB,venusYFP
2113361,Trxr-1,CPTI000915,VNC,venusYFP
2113360,Trxr-1,CPTI000915,CB,venusYFP
2113358,Trxr1,CPTI000915,Overview,venusYFP
2113948,nrv1,CPTI000925,NMJ,venusYFP
2110714,fl(2)d,CPTI000936,NMJ,venusYFP
2105937,CamKII,CPTI000944,CB,venusYFP
2105938,CamKII,CPTI000944,OL,venusYFP
2105939,CamkII,CPTI000944,MB,venusYFP
2105940,CamKII,CPTI000944,VNC,venusYFP
2105941,CamKII,CPTI000944,Overview,venusYFP
2113946,CG15307,CPTI001056,NMJ,venusYFP
2107248,CG43740/CG15307,CPTI001056,Overview,venusYFP
2107249,CG43740/CG15307,CPTI001056,OL,venusYFP
2110168,CG43740/CG15307,CPTI001056,CB,venusYFP
2115429,AMP-deaminase,CPTI001081,VNC,venusYFP
2115428,AMP-deaminase,CPTI001081,VNC,venusYFP
2115427,AMP-deaminase,CPTI001081,VNC,venusYFP
2115426,AMP-deaminase,CPTI001081,VNC,venusYFP
2113672,AMP-deaminase,CPTI001081,OL,venusYFP
2113671,AMP-deaminase,CPTI001081,MB,venusYFP
2113670,AMP-deaminase,CPTI001081,VNC,venusYFP
2113669,AMP-deaminase,CPTI001081,CB,venusYFP
2113668,AMP-deaminase,CPTI001081,Overview,venusYFP
2113944,PAPLA1,CPTI001111,NMJ,venusYFP
2113950,Mi-2,CPTI001119,NMJ,venusYFP
2113942,Mi-2,CPTI001119,NMJ,venusYFP
2111858,Thor,CPTI001137,venusYFP,venusYFP
2113940,skd,CPTI001170,NMJ,venusYFP
2115372,Ten-m,CPTI001175,Overview,venusYFP
2119148,BNIP3,CPTI001180,VNC,venusYFP
2119153,BNIP3,CPTI001180,OL,venusYFP
2119152,BNIP3,CPTI001180,MB,venusYFP
2119151,BNIP3,CPTI001180,CB,venusYFP
2119150,BNIP3,CPTI001180,NMJ,venusYFP
2119149,BNIP3,CPTI001180,Overview,venusYFP
2115382,PpD3,CPTI001194,Overview,venusYFP
2111859,PpD3,CPTI001194,NMJ,venusYFP
2113939,arm,CPTI001198,NMJ,venusYFP
2113735,arm,CPTI001198,OL,venusYFP
2113734,arm,CPTI001198,MB,venusYFP
2113733,arm,CPTI001198,VNC,venusYFP
2113731,arm,CPTI001198,Overview,venusYFP
2105892,ps,CPTI001216,MB,venusYFP
2105893,14-3-epsilon,CPTI001216,MB,venusYFP
2112534,Stai,CPTI001234,VNC,venusYFP
2112483,stai,CPTI001234,MB,venusYFP
2112482,stai,CPTI001234,OL,venusYFP
2112481,stai,CPTI001234,CB,venusYFP
2112480,stai,CPTI001234,Overview,venusYFP
2111860,stai,CPTI001234,NMJ,venusYFP
2111861,Neu3,CPTI001259,NMJ,venusYFP
2106075,neu3,CPTI001259,CB,venusYFP
2106077,neu3,CPTI001259,OL,venusYFP
2106078,neu3,CPTI001259,MB,venusYFP
2106079,neu3,CPTI001259,VNC,venusYFP
2106080,neu3,CPTI001259,Overview,venusYFP
2113604,ps,CPTI001261,MB,venusYFP
2113603,ps,CPTI001261,VNC,venusYFP
2113602,ps,CPTI001261,OL,venusYFP
2113601,ps,CPTI001261,overview,venusYFP
2113600,ps,CPTI001261,CB,venusYFP
2111862,ps,CPTI001261,NMJ,venusYFP
2111863,Ten-m,CPTI001273,NMJ,venusYFP
2113938,cold,CPTI001277,NMJ,venusYFP
2107181,cold,CPTI001277,Overview,venusYFP
2107182,cold,CPTI001277,OL,venusYFP
2107201,cold,CPTI001277,CB,venusYFP
2107202,cold,CPTI001277,VNC,venusYFP
2107203,cold,CPTI001277,MB,venusYFP
2113730,Fas2,CPTI001279,OL,venusYFP
2113729,Fas2,CPTI001279,MB,venusYFP
2113728,Fas2,CPTI001279,VNC,venusYFP
2113727,Fas2,CPTI001279,CB,venusYFP
2113726,Fas2,CPTI001279,Overview,venusYFP
2113531,Cam,CPTI001284,OL,venusYFP
2113530,Cam,CPTI001284,CB,venusYFP
2113529,Cam,CPTI001284,MB,venusYFP
2113528,Cam,CPTI001284,VNC,venusYFP
2113526,Cam,CPTI001284,Overview,venusYFP
2111864,Rtln1,CPTI001291,NMJ,venusYFP
2105982,CG11486,CPTI001306,OL,venusYFP
2105983,CG11486,CPTI001306,CB,venusYFP
2105984,CG11486,CPTI001306,MB,venusYFP
2105985,CG11486,CPTI001306,VNC,venusYFP
2105986,CG11486,CPTI001306,Overview,venusYFP
2115482,CG32479,CPTI001308,VNC,venusYFP
2115481,CG32479,CPTI001308,OL,venusYFP
2115480,CG32479,CPTI001308,CB,venusYFP
2115479,CG32479,CPTI001308,Overview,venusYFP
2115478,CG32479,CPTI001308,MB,venusYFP
2115435,CG32479,CPTI001308,MB,venusYFP
2115434,CG32479,CPTI001308,MB,venusYFP
2115433,CG32479,CPTI001308,MB,venusYFP
2115432,CG32479,CPTI001308,MB,venusYFP
2115431,CG32479,CPTI001308,MB,venusYFP
2115430,CG32479,CPTI001308,MB,venusYFP
2111865,Usp10,CPTI001308,NMJ,venusYFP
2111866,Usp36,CPTI001323,NMJ,venusYFP
2115383,Smr,CPTI001328,Overview,venusYFP
2111867,Smr,CPTI001328,NMJ,venusYFP
2111868,sals,CPTI001332,NMJ,venusYFP
2111869,CG32560,CPTI001341,NMJ,venusYFP
2105987,Cher,CPTI001399,CB,venusYFP
2105988,Cher,CPTI001399,OL,venusYFP
2105989,Cher,CPTI001399,MB,venusYFP
2105990,Cher,CPTI001399,VNC,venusYFP
2105991,Cher,CPTI001399,Overview,venusYFP
2115424,cup,CPTI001409,Overview,venusYFP
2111870,cup,CPTI001409,NMJ,venusYFP
2111871,MCU,CPTI001412,NMJ,venusYFP
2107204,Qsm,CPTI001414,Overview,venusYFP
2107205,Qsm,CPTI001414,OL,venusYFP
2107206,Qsm,CPTI001414,CB,venusYFP
2107207,Qsm,CPTI001414,MB,venusYFP
2107208,Qsm,CPTI001414,VNC,venusYFP
2106165,Flo-2,CPTI001427,CB,venusYFP
2106166,Flo-2,CPTI001427,OL,venusYFP
2106167,Flo-2,CPTI001427,MB,venusYFP
2106168,Flo-2,CPTI001427,VNC,venusYFP
2106169,Flo-2,CPTI001427,Overview,venusYFP
2107239,kat80,CPTI001430,Overview,venusYFP
2107240,kat80,CPTI001430,OL,venusYFP
2107242,kat80,CPTI001430,CB,venusYFP
2107245,kat80,CPTI001430,MB,venusYFP
2107246,kat80,CPTI001430,VNC,venusYFP
2107268,nrv2,CPTI001455,Overview,venusYFP
2110232,nrv2,CPTI001455,OL,venusYFP
2110237,nrv2,CPTI001455,MB,venusYFP
2110238,nrv2,CPTI001455,VNC,venusYFP
2110234,nrv2,CPTI001455,CB,venusYFP
2110158,Spn,CPTI001457,Overview,venusYFP
2110159,Spn,CPTI001457,OL,venusYFP
2110160,Spn,CPTI001457,CB,venusYFP
2110161,Spn,CPTI001457,VNC,venusYFP
2110162,Spn,CPTI001457,MB,venusYFP
2110208,cpx,CPTI001473,Overview,venusYFP
2110213,cpx,CPTI001473,CB,venusYFP
2110217,cpx,CPTI001473,VNC,venusYFP
2110210,cpx,CPTI001473,OL,venusYFP
2110224,cpx,CPTI001473,MB,venusYFP
2111872,PIG-S,CPTI001488,venusYFP,venusYFP
2110169,CG43740/CG15307,CPTI001506,VNC,venusYFP
2107183,seq,CPTI001516,Overview,venusYFP
2107184,seq,CPTI001516,OL,venusYFP
2107185,seq,CPTI001516,CB,venusYFP
2107187,seq,CPTI001516,MB,venusYFP
2107175,Pka-R2,CPTI001580,MB,venusYFP
2107176,Pka-R2,CPTI001580,OL,venusYFP
2107177,Pka-R2,CPTI001580,VNC,venusYFP
2107178,Pka-R2,CPTI001580,CB,venusYFP
2107179,Pka-R2,CPTI001580,Overview,venusYFP
2115487,CG31738,CPTI001586,VNC,venusYFP
2115486,CG31738,CPTI001586,OL,venusYFP
2115485,CG31738,CPTI001586,CB,venusYFP
2115484,CG31738,CPTI001586,Overview,venusYFP
2115483,CG31738,CPTI001586,MB,venusYFP
2111873,CG31738,CPTI001586,NMJ,venusYFP
2105895,hts,CPTI001589,MB,venusYFP
2110689,hts,CPTI001589,NMJ,venusYFP
2107193,spen,CPTI001595,Overview,venusYFP
2107194,spen,CPTI001595,OL,venusYFP
2107195,spen,CPTI001595,CB,venusYFP
2107196,spen,CPTI001595,VNC,venusYFP
2107199,spen,CPTI001595,MB,venusYFP
2107186,seq,CPTI001616,VNC,venusYFP
2105997,CG11138,CPTI001659,OL,venusYFP
2105998,CG11138,CPTI001659,MB,venusYFP
2105999,CG11138,CPTI001659,VNC,venusYFP
2106000,CG11138,CPTI001659,Overview,venusYFP
2111874,fat-spondin,CPTI001685,NMJ,venusYFP
2111875,Gdh,CPTI001709,NMJ,venusYFP
2106065,Gdh,CPTI001709,CB,venusYFP
2106066,Gdh,CPTI001709,OL,venusYFP
2106067,Gdh,CPTI001709,MB,venusYFP
2106068,Gdh,CPTI001709,VNC,venusYFP
2106069,Gdh,CPTI001709,Overview,venusYFP
2112559,Nrg,CPTI001714,OL,venusYFP
2112558,Nrg,CPTI001714,MB,venusYFP
2112557,Nrg,CPTI001714,CB,venusYFP
2112555,Nrg,CPTI001714,VNC,venusYFP
2112554,Nrg,CPTI001714,Overview,venusYFP
2111876,Nrg,CPTI001714,NMJ,venusYFP
2105964,kst,CPTI001728,CB,venusYFP
2105965,kst,CPTI001728,OL,venusYFP
2105966,kst,CPTI001728,MB,venusYFP
2105967,kst,CPTI001728,VNC,venusYFP
2105968,kst,CPTI001728,Overview,venusYFP
2111877,Fs(2)Ket,CPTI001735,NMJ,venusYFP
2106001,CG9650,CPTI001740,CB,venusYFP
2106002,CG9650,CPTI001740,OL,venusYFP
2106003,CG9650,CPTI001740,MB,venusYFP
2106004,CG9650,CPTI001740,VNC,venusYFP
2106005,CG9650,CPTI001740,Overview,venusYFP
2111878,LRR,CPTI001765,NMJ,venusYFP
2115384,dp,CPTI001769,Overview,venusYFP
2111879,dp,CPTI001769,NMJ,venusYFP
2115492,CG31694,CPTI001771,VNC,venusYFP
2115491,CG31694,CPTI001771,OL,venusYFP
2115490,CG31694,CPTI001771,CB,venusYFP
2115489,CG31694,CPTI001771,Overview,venusYFP
2115488,CG31694,CPTI001771,MB,venusYFP
2115385,CG31694,CPTI001771,Overview,venusYFP
2111880,CG31694,CPTI001771,NMJ,venusYFP
2115369,CG3305,CPTI001775,Overview,venusYFP
2111881,Lamp,CPTI001775,NMJ,venusYFP
2113435,CG6983,CPTI001802,VNC,venusYFP
2113434,CG6983,CPTI001802,CB,venusYFP
2113433,CG6983,CPTI001802,Overview,venusYFP
2113489,CG6983,CPTI001802,OL,venusYFP
2113488,CG6983,CPTI001802,MB,venusYFP
2111882,Asph,CPTI001828,NMJ,venusYFP
2111883,Mnt,CPTI001879,NMJ,venusYFP
2106161,mnt,CPTI001879,OL,venusYFP
2106164,mnt,CPTI001879,Overview,venusYFP
2106160,mnt,CPTI001879,CB,venusYFP
2106162,mnt,CPTI001879,MB,venusYFP
2106163,mnt,CPTI001879,VNC,venusYFP
2114004,lint,CPTI001902,NMJ,venusYFP
2116076,Shot,CPTI001962,CB,venusYFP
2116075,Shot,CPTI001962,Overview,venusYFP
2112573,Nrx-IV,CPTI001977,OL,venusYFP
2112572,Nrx-IV,CPTI001977,MB,venusYFP
2112571,Nrx-IV,CPTI001977,CB,venusYFP
2115376,CG2165,CPTI001995,Overview,venusYFP
2115381,CG3777,CPTI001997,Overview,venusYFP
2111884,CG3777,CPTI001997,NMJ,venusYFP
2106170,Gish,CPTI002023,CB,venusYFP
2106171,Gish,CPTI002023,OL,venusYFP
2106172,Gish,CPTI002023,MB,venusYFP
2106174,Gish,CPTI002023,Overview,venusYFP
2114246,CG10984,CPTI002035,MB,venusYFP
2114245,CG10984,CPTI002035,CB,venusYFP
2114244,CG10984,CPTI002035,Overview,venusYFP
2105858,Trol,CPTI002049,CB,venusYFP
2105859,Trol,CPTI002049,OL,venusYFP
2105860,Trol,CPTI002049,MB,venusYFP
2105861,Trol,CPTI002049,VNC,venusYFP
2105862,Trol,CPTI002049,Overview,venusYFP
2112610,Gprk2,CPTI002085,OL,venusYFP
2112609,Gprk2,CPTI002085,MB,venusYFP
2112608,Gprk2,CPTI002085,VNC,venusYFP
2112607,Gprk2,CPTI002085,CB,venusYFP
2112606,Gprk2,CPTI002085,Overview,venusYFP
2115370,Mlc1,CPTI002102,Overview,venusYFP
2114012,Qkr58-1,CPTI002103,NMJ,venusYFP
2115966,NetA,CPTI002152,OL,venusYFP
2115964,NetA,CPTI002152,MB,venusYFP
2115963,NetA,CPTI002152,VNC,venusYFP
2115962,NetA,CPTI002152,CB,venusYFP
2115961,NetA,CPTI002152,Overview,venusYFP
2113787,Tm1,CPTI002243,CB,venusYFP
2105853,Tm1,CPTI002243,CB,venusYFP
2105854,Tm1,CPTI002243,OL,venusYFP
2105855,Tm1,CPTI002243,MB,venusYFP
2105856,Tm1,CPTI002243,VNC,venusYFP
2113857,CG6293,CPTI002251,Overview,venusYFP
2106125,Flw,CPTI002264,CB,venusYFP
2106129,Flw,CPTI002264,Overview,venusYFP
2106126,Flw,CPTI002264,OL,venusYFP
2106127,Flw,CPTI002264,MB,venusYFP
2106128,Flw,CPTI002264,VNC,venusYFP
2105934,Vap-33-1,CPTI002292,MB,venusYFP
2105935,Vap-33-1,CPTI002292,VNC,venusYFP
2105936,Vap-33-1,CPTI002292,Overview,venusYFP
2113574,cindr,CPTI002324,VNC,venusYFP
2113573,cindr,CPTI002324,CB,venusYFP
2113568,cindr,CPTI002324,MB,venusYFP
2113566,cindr,CPTI002324,OL,venusYFP
2113565,cindr,CPTI002324,Overview,venusYFP
2113924,AGO2,CPTI002343,NMJ,venusYFP
2106082,Heph,CPTI002406,OL,venusYFP
2106083,Heph,CPTI002406,MB,venusYFP
2106084,Heph,CPTI002406,VNC,venusYFP
2106085,Heph,CPTI002406,Overview,venusYFP
2106081,Heph,CPTI002409,CB,venusYFP
2114022,Lost,CPTI002437,NMJ,venusYFP
2106043,CG11920,CPTI002443,Overview,venusYFP
2106045,CG11920,CPTI002443,CB,venusYFP
2106046,CG11920,CPTI002443,OL,venusYFP
2106047,CG11920,CPTI002443,MB,venusYFP
2106048,CG11920,CPTI002443,VNC,venusYFP
2112569,tkv,CPTI002487,OL,venusYFP
2112568,tkv,CPTI002487,MB,venusYFP
2112565,tkv,CPTI002487,Overview,venusYFP
2113856,CG32499,CPTI002501,Overview,venusYFP
2115416,Eif4A,CPTI002562,VNC,venusYFP
2115415,Eif4A,CPTI002562,CB,venusYFP
2115413,Eif4A,CPTI002562,Overview,venusYFP
2113432,Pkn,CPTI002565,OL,venusYFP
2113431,Pkn,CPTI002565,CB,venusYFP
2113430,Pkn,CPTI002565,VNC,venusYFP
2113429,Pkn,CPTI002565,MB,venusYFP
2113159,Fs(2)Ket,CPTI002637,Overview,venusYFP
2113667,Vha55,CPTI002645,OL,venusYFP
2113666,Vha55,CPTI002645,MB,venusYFP
2113665,Vha55,CPTI002645,VNC,venusYFP
2113664,Vha55,CPTI002645,CB,venusYFP
2113663,Vha55,CPTI002645,Overview,venusYFP
2106006,CG11576,CPTI002646,CB,venusYFP
2106007,CG11576,CPTI002646,OL,venusYFP
2106008,CG11576,CPTI002646,MB,venusYFP
2106010,CG11576,CPTI002646,Overview,venusYFP
2114024,PABP,CPTI002652,NMJ,venusYFP
2114023,PABP,CPTI002652,NMJ,venusYFP
2113547,l(1)G0232,CPTI002750,OL,venusYFP
2113546,l(1)G0232,CPTI002750,VNC,venusYFP
2113544,l(1)G0232,CPTI002750,MB,venusYFP
2113542,l(1)G0232,CPTI002750,CB,venusYFP
2113541,l(1)G0232,CPTI002750,Overview,venusYFP
2111885,Atpalpha,CPTI002761,NMJ,venusYFP
2119176,cat,CPTI002786,OL,venusYFP
2119175,cat,CPTI002786,MB,venusYFP
2119174,cat,CPTI002786,CB,venusYFP
2119173,cat,CPTI002786,VNC,venusYFP
2119172,cat,CPTI002786,overview,venusYFP
2115375,CG1640,CPTI002793,Overview,venusYFP
2113934,CtsB1,CPTI002807,NMJ,venusYFP
2106022,CtsB1,CPTI002807,OL,venusYFP
2106023,CtsB1,CPTI002807,MB,venusYFP
2106024,CtsB1,CPTI002807,VNC,venusYFP
2106025,CtsB1,CPTI002807,Overview,venusYFP
2111101,pum,CPTI002853,OL,venusYFP
2110964,pum,CPTI002853,MB,venusYFP
2110963,pum,CPTI002853,VNC,venusYFP
2110961,pum,CPTI002853,CB,venusYFP
2110960,pum,CPTI002853,Overview,venusYFP
2111886,RpL41,CPTI002881,NMJ,venusYFP
2113855,orb2,CPTI002889,Overview,venusYFP
2113103,orb2,CPTI000289,OL,venusYFP
2113102,orb2,CPTI000289,Overview,venusYFP
2115425,Lasp,CPTI002905,Overview,venusYFP
2106091,Top1,CPTI002927,CB,venusYFP
2106093,Top1,CPTI002927,MB,venusYFP
2106092,Top1,CPTI002927,OL,venusYFP
2106094,Top1,CPTI002927,VNC,venusYFP
2106096,Top1,CPTI002927,Overview,venusYFP
2115373,Caper,CPTI002939,Overview,venusYFP
2114018,nonA,CPTI003091,NMJ,venusYFP
2105894,nonA,CPTI003091,MB,venusYFP
2115497,CG32062,CPTI003100,VNC,venusYFP
2115496,CG32062,CPTI003100,OL,venusYFP
2115495,CG32062,CPTI003100,CB,venusYFP
2115494,CG32062,CPTI003100,Overview,venusYFP
2115493,CG32062,CPTI003100,MB,venusYFP
2115374,CG12163,CPTI003173,Overview,venusYFP
2107226,Chrb,CPTI000318,MB,venusYFP
2113853,Clic,CPTI003213,Overview,venusYFP
2105942,Cip4,CPTI003231,CB,venusYFP
2105943,Cip4,CPTI003231,OL,venusYFP
2105944,Cip4,CPTI003231,MB,venusYFP
2105945,Cip4,CPTI003231,VNC,venusYFP
2105946,Cip4,CPTI003231,Overview,venusYFP
2106150,sytbeta,CPTI003250,CB,venusYFP
2106151,sytbeta,CPTI003250,OL,venusYFP
2106152,sytbeta,CPTI003250,MB,venusYFP
2106153,sytbeta,CPTI003250,VNC,venusYFP
2106154,sytbeta,CPTI003250,Overview,venusYFP
2115380,rg,CPTI003323,Overview,venusYFP
2112693,Fim,CPTI003394,MB,venusYFP
2112691,Fim,CPTI003394,CB,venusYFP
2112690,Fim,CPTI003394,OL,venusYFP
2112689,Fim,CPTI003394,Overview,venusYFP
2112964,Fim,CPTI003394,VNC,venusYFP
2113652,Aats-His,CPTI003426,OL,venusYFP
2113639,Aats-His,CPTI003426,MB,venusYFP
2113632,Aats-His,CPTI003426,VNC,venusYFP
2113631,Aats-His,CPTI003426,CB,venusYFP
2113630,Aats-His,CPTI003426,Overview,venusYFP
2113620,MSP300,CPTI003472,Overview,venusYFP
2113460,MSP300,CPTI003472,MB,venusYFP
2113456,MSP300,CPTI003472,CB,venusYFP
2113455,MSP300,CPTI003472,OL,venusYFP
2113567,MSP300,CPTI003472,VNC,venusYFP
2118089,fz2,CPTI003490,OL,venusYFP
2118088,fz2,CPTI003490,Overview,venusYFP
2116683,fz2,CPTI003490,OL,venusYFP
2116682,fz2,CPTI003490,MB,venusYFP
2114161,fz2,CPTI003490,VNC,venusYFP
2113701,fz2,CPTI003490,CB,venusYFP
2113700,fz2,CPTI003490,Overview,venusYFP
2110249,eIF5B,CPTI003501,Overview,venusYFP
2110250,eIF5B,CPTI003501,OL,venusYFP
2110252,eIF5B,CPTI003501,MB,venusYFP
2110253,eIF5B,CPTI003501,VNC,venusYFP
2110251,eIF5B,CPTI003501,CB,venusYFP
2119117,BicD,CPTI003522,VNC,venusYFP
2119116,BicD,CPTI003522,Overview,venusYFP
2117101,BicD,CPTI003522,nerve,venusYFP
2119120,BicD,CPTI003522,OL,venusYFP
2119119,BicD,CPTI003522,MB,venusYFP
2119118,BicD,CPTI003522,CB,venusYFP
2107192,Nlp,CPTI003522,MB,venusYFP
2117869,CG5642,CPTI003526,NMJ,venusYFP
2107188,Nlp,CPTI003532,Overview,venusYFP
2107189,Nlp,CPTI003532,OL,venusYFP
2107190,Nlp,CPTI003532,CB,venusYFP
2107191,Nlp,CPTI003532,VNC,venusYFP
2118098,piwi,CPTI003588,Overview,venusYFP
2118097,piwi,CPTI003588,CB,venusYFP
2118096,piwi,CPTI003588,MB,venusYFP
2118095,piwi,CPTI003588,OL,venusYFP
2118094,piwi,CPTI003588,VNC,venusYFP
2114063,piwi,CPTI003588,NMJ,venusYFP
2105896,piwi,CPTI003588,MB,venusYFP
2118101,ade3,CPTI003590,CB,venusYFP
2113929,Alh,CPTI003598,NMJ,venusYFP
2106055,Alh,CPTI003598,CB,venusYFP
2106056,Alh,CPTI003598,OL,venusYFP
2106057,Alh,CPTI003598,MB,venusYFP
2106058,Alh,CPTI003598,VNC,venusYFP
2106059,Alh,CPTI003598,Overview,venusYFP
2113077,Larp,CPTI003605,OL,venusYFP
2113076,larp,CPTI003605,Overview,venusYFP
2113337,larp,CPTI003605,VNC,venusYFP
2113336,larp,CPTI003605,CB,venusYFP
2113332,larp,CPTI003605,MB,venusYFP
2106086,Hrb98DE,CPTI003669,CB,venusYFP
2106088,Hrb98DE,CPTI003669,MB,venusYFP
2106090,HRB98DE,CPTI003669,Overview,venusYFP
2106087,Hrb98DE,CPTI000369,OL,venusYFP
2106070,hth,CPTI003745,CB,venusYFP
2106071,hth,CPTI003745,OL,venusYFP
2106072,hth,CPTI003745,MB,venusYFP
2106073,hth,CPTI003745,VNC,venusYFP
2106074,hth,CPTI003745,Overview,venusYFP
2118103,ade3,CPTI003790,VNC,venusYFP
2118102,ade3,CPTI003790,MB,venusYFP
2118100,ade3,CPTI003790,OL,venusYFP
2118099,ade3,CPTI003790,Overview,venusYFP
2113128,ade3,CPTI003790,Overview,venusYFP
2113123,CG6398,CPTI003806,MB,venusYFP
2113120,CG6398,CPTI003806,OL,venusYFP
2113119,CG6398,CPTI003806,Overview,venusYFP
2113127,CG6398,CPTI003806,VNC,venusYFP
2113122,CG6398,CPTI003806,CB,venusYFP
2112552,Dys,CPTI003818,OL,venusYFP
2112551,Dys,CPTI003818,MB,venusYFP
2112550,Dys,CPTI003818,VNC,venusYFP
2112548,Dys,CPTI003818,Overview,venusYFP
2112547,Pxn,CPTI003897,OL,venusYFP
2112544,Pxn,CPTI003897,CB,venusYFP
2112543,Pxn,CPTI003897,VNC,venusYFP
2112542,Pxn,CPTI003897,Overview,venusYFP
2113907,msn,CPTI003908,MB,venusYFP
2113905,msn,CPTI003908,CB,venusYFP
2113904,msn,CPTI003908,CB,venusYFP
2113903,msn,CPTI003908,OL,venusYFP
2113858,msn,CPTI003908,Overview,venusYFP
2115379,CG4825,CPTI003911,Overview,venusYFP
2106175,Jupiter,CPTI003917,CB,venusYFP
2106176,Jupiter,CPTI003917,OL,venusYFP
2106177,Jupiter,CPTI003917,MB,venusYFP
2106178,Jupiter,CPTI003917,VNC,venusYFP
2106179,Jupiter,CPTI003917,Overview,venusYFP
2106199,Jupiter,CPTI003917,Overview,venusYFP
2118108,CG42258,CPTI003923,MB,venusYFP
2118107,CG42258,CPTI003923,CB,venusYFP
2118106,CG42258,CPTI003923,OL,venusYFP
2118105,CG42258,CPTI003923,VNC,venusYFP
2118104,CG42258,CPTI003923,Overview,venusYFP
2113357,CG42258,CPTI003923,Overview,venusYFP
2113074,Klp54D,CPTI003989,VNC,venusYFP
2113073,Klp54D,CPTI003989,CB,venusYFP
2113069,Klp54D,CPTI003989,MB,venusYFP
2113068,Klp54D,CPTI003989,OL,venusYFP
2113064,Klp54D,CPTI003989,Overview,venusYFP
2105898,CG31531,CPTI004007,NMJ,venusYFP
2114066,CG2003,CPTI004022,NMJ,venusYFP
2105880,CG2003,CPTI004022,MB,venusYFP
2105883,CG2003,CPTI004022,MB,venusYFP
2106062,AdenoK,CPTI040701,MB,venusYFP
2106060,AdenoK,CPTI004071,CB,venusYFP
2106061,AdenoK,CPTI004071,OL,venusYFP
2106063,AdenoK,CPTI004071,VNC,venusYFP
2106064,AdenoK,CPTI004071,Overview,venusYFP
2109855,gish,CPTI004113,NMJ,venusYFP
2112536,Imp,CPTI004117,CB,venusYFP
2112535,Imp,CPTI004117,Overview,venusYFP
2105891,if,CPTI004152,MB,venusYFP
2111908,bun,CPTI004166,NMJ,venusYFP
2111909,Trol,CPTI004167,NMJ,venusYFP
2113063,RnpS1,CPTI004189,VNC,venusYFP
2112971,RnpS1,CPTI004189,CB,venusYFP
2112970,RnpS1,CPTI004189,MB,venusYFP
2112969,RnpS1,CPTI004189,OL,venusYFP
2112968,RnpS1,CPTI004189,Overview,venusYFP
2115386,RnpS1,CPTI004189,Overview,venusYFP
2111911,RnpS1,CPTI004189,NMJ,venusYFP
2111912,Chchd2,CPTI004244,NMJ,venusYFP
2111913,Rab1,CPTI004256,NMJ,venusYFP
2110688,Rab1,CPTI004256,NMJ,venusYFP
2112953,Zap3,CPTI004292,VNC,venusYFP
2112952,Zap3,CPTI004292,CB,venusYFP
2112951,Zap3,CPTI004292,MB,venusYFP
2112947,Zap3,CPTI004292,OL,venusYFP
2112946,Zap3,CPTI004292,Overview,venusYFP
2111915,ZAP3,CPTI004292,NMJ,venusYFP
2111916,CG9265,CPTI004298,NMJ,venusYFP
2111919,Argk,CPTI004299,NMJ,venusYFP
2105952,Rab1,CPTI004394,CB,venusYFP
2105953,Rab1,CPTI004394,OL,venusYFP
2105955,Rab1,CPTI004394,VNC,venusYFP
2105956,Rab1,CPTI004394,Overview,venusYFP
2113933,ab,CPTI004479,NMJ,venusYFP
2119169,bol,CPTI004519,CB,venusYFP
2119168,bol,CPTI004519,VNC,venusYFP
2119167,bol,CPTI004519,MB,venusYFP
2119166,bol,CPTI004519,OL,venusYFP
2119165,bol,CPTI004519,Overview,venusYFP
2113404,bol,CPTI004519,OL,venusYFP
2113403,bol,CPTI004519,MB,venusYFP
2113402,bol,CPTI004519,VNC,venusYFP
2113387,bol,CPTI004519,CB,venusYFP
2113517,Pdcd4,CPTI004527,Overview,venusYFP
2113521,Pdcd4,CPTI004527,CB,venusYFP
2113520,Pdcd4,CPTI004527,VNC,venusYFP
2113519,Pdcd4,CPTI004527,MB,venusYFP
2113518,Pdcd4,CPTI004527,OL,venusYFP
2107215,eRF3/Elf,CPTI000609,MB,venusYFP
2106118,Tsr1,CPTI007338,VNC,venusYFP
2106119,Tsr1,CPTI007338,Overview,venusYFP
2106114,Tsr1,CPTI007338,CB,venusYFP
2106115,Tsr1,CPTI007338,OL,venusYFP
2106116,Tsr1,CPTI007338,MB,venusYFP
2113854,Tral,CPTI000787,Overview,venusYFP
2112545,Pxn,CPTI000876,MB,venusYFP
2118093,fz2,CPTI009739,VNC,venusYFP
2118092,fz2,CPTI009739,CB,venusYFP
2118091,fz2,CPTI009739,MB,venusYFP
2112576,ia2,CPTI010013,VNC,venusYFP
2106173,gish,CPTI002023,VNC,venusYFP
2113928,Bsg,CPTI100005,NMJ,venusYFP
2113869,CG1648,CPTI100012,VNC,venusYFP
2114084,CG1648,CPTI100012,CB,venusYFP
2114083,CG1648,CPTI100012,OL,venusYFP
2114082,CG1648,CPTI100012,MB,venusYFP
2113851,CG1648,CPTI100012,Overview,venusYFP
2112578,ia2,CPTI100013,OL,venusYFP
2112577,ia2,CPTI100013,MB,venusYFP
2112575,ia2,CPTI100013,CB,venusYFP
2112574,ia2,CPTI100013,Overview,venusYFP
2113941,B4,CPTI100035,NMJ,venusYFP
2106031,B4,CPTI100035,CB,venusYFP
2106032,B4,CPTI100035,OL,venusYFP
2106033,B4,CPTI100035,MB,venusYFP
2106034,B4,CPTI100035,VNC,venusYFP
2106035,B4,CPTI100035,Overview,venusYFP
2114104,CG32094,CPTI100038,Overview,venusYFP
2106155,smd3,CPTI100043,CB,venusYFP
2106157,smd3,CPTI100043,MB,venusYFP
2106159,smd3,CPTI100043,Overview,venusYFP
2106156,smd3,CPTI100043,OL,venusYFP
2106158,smd3,CPTI100043,VNC,venusYFP
2105959,papla1,CPTI100044,CB,venusYFP
2105961,papla1,CPTI100044,MB,venusYFP
2105962,papla1,CPTI100044,VNC,venusYFP
2105963,papla1,CPTI100044,Overview,venusYFP
2118358,14-3-3epsilon,CPTI100045,CB,venusYFP
2118357,14-3-3epsilon,CPTI100045,VNC,venusYFP
2118356,14-3-3epsilon,CPTI100045,OL,venusYFP
2118355,14-3-3epsilon,CPTI100045,MB,venusYFP
2118354,14-3-3epsilon,CPTI100045,Overview,venusYFP
2110770,14-3-epsilon,CPTI100045,NMJ,venusYFP
2113859,obst-E,CPTI100048,Overview,venusYFP
2106124,Rab11,CPTI100051,Overview,venusYFP
2106120,Rab11,CPTI100051,CB,venusYFP
2106121,Rab11,CPTI100051,OL,venusYFP
2106122,Rab11,CPTI100051,MB,venusYFP
2113986,Tral,CPTI100059,NMJ,venusYFP
2116074,Bsg,CPTI100062,overview,venusYFP
2116073,Bsg,CPTI100062,VNC,venusYFP
2116072,Bsg,CPTI100062,MB,venusYFP
2116071,Bsg,CPTI100062,OL,venusYFP
2116070,Bsg,CPTI100062,CB,venusYFP
2114026,Bsg,CPTI100062,NMJ,venusYFP
2114027,Fer2LCH,CPTI100064,NMJ,venusYFP
2113732,arm,CPTI001198,CB,venusYFP
2105960,papla1,CPTI010245,OL,venusYFP
2106021,CtsB1,CPTI002807,CB,venusYFP